agent,seed,task_id,total_reward,steps,success,safety_violations,do_above_floor_pct,substrate_in_band_pct,format_valid_pct,final_DO_pct,final_S_g_L,final_P_g_L,final_X_g_L
claude_zero_shot,1,do-recovery-medium,14.358393335169897,50,0,0,100.0,2.0,100.0,100.0,5.159671671876319,3.6689613773668364,16.49941191300733
claude_zero_shot,4,do-recovery-medium,15.502351444738489,50,0,0,100.0,2.0,100.0,100.0,4.362595810279054,4.200493887258908,16.54504128836194
claude_zero_shot,5,do-recovery-medium,15.775711666268496,50,0,0,100.0,2.0,100.0,100.0,5.900170851968428,3.5695825998954063,17.20940151650983
claude_zero_shot,7,do-recovery-medium,13.871693310252132,50,0,0,100.0,2.0,100.0,100.0,3.911257127177521,3.7525525134707567,16.259485359915516
claude_zero_shot,42,do-recovery-medium,14.887759406974661,50,0,0,100.0,2.0,100.0,100.0,4.840777841537542,3.4708253827896933,17.04872643409332
