agent,seed,task_id,total_reward,steps,success,safety_violations,do_above_floor_pct,substrate_in_band_pct,format_valid_pct,final_DO_pct,final_S_g_L,final_P_g_L,final_X_g_L
fixed_recipe,1,do-recovery-medium,22.966899758019814,50,0,0,100.0,0.0,100.0,100.0,0.0017936467590292902,5.807637699037122,17.979110273785768
fixed_recipe,4,do-recovery-medium,24.067503413612574,50,0,0,100.0,0.0,100.0,100.0,0.0016843358398015908,6.520367930135139,18.395710686603472
fixed_recipe,5,do-recovery-medium,22.873155009039234,50,0,0,100.0,0.0,100.0,100.0,0.0018559294336054294,5.442318335333234,18.24201821922696
fixed_recipe,7,do-recovery-medium,23.321664294163135,50,0,0,100.0,0.0,100.0,100.0,0.0018649997810902914,5.974832565286268,18.36657137040025
fixed_recipe,42,do-recovery-medium,22.913625902797257,50,0,0,100.0,0.0,100.0,100.0,0.0017645373973120854,5.585780175713532,18.631796677815274
