agent,seed,task_id,total_reward,steps,success,safety_violations,do_above_floor_pct,substrate_in_band_pct,format_valid_pct,final_DO_pct,final_S_g_L,final_P_g_L,final_X_g_L
random,1,do-recovery-medium,15.5790227984558,50,0,0,100.0,2.0,100.0,46.32712150234618,0.40058403049434466,4.274709523320322,18.21512744828653
random,4,do-recovery-medium,17.946389808682913,50,0,0,100.0,6.0,100.0,100.0,0.002603476210918655,5.382417943409811,18.52215298891531
random,5,do-recovery-medium,20.1704238789034,50,0,0,100.0,18.0,100.0,100.0,0.809295562247854,4.417508965369942,17.409745029398042
random,7,do-recovery-medium,19.132541836313333,50,0,0,100.0,4.0,100.0,100.0,1.4559439765120654,5.147902318914434,17.266977097604165
random,42,do-recovery-medium,20.01014455720023,50,0,0,100.0,0.0,100.0,100.0,0.0007176725328407752,5.442984605188587,18.480710951489982
