Batch ref,Penicllin_harvested_during_batch(kg),Penicllin_harvested_end_of_batch (kg),Penicllin_yield_total (kg),Fault ref(0-NoFault 1-Fault)
1,845.4388372877847,1180.547184856772,2025.986022144557,0
2,1140.990000810891,2553.256757618998,3694.246758429889,0
3,1089.221625744558,2521.26408830099,3610.485714045548,0
4,667.6064421897165,690.851047016755,1358.457489206472,1
5,757.5307067520004,858.0370205413822,1615.567727293382,1
